{
  "iteration": 3,
  "timestamp": "2026-02-14T14:21:48.664618",
  "composition": {
    "Novel_Bio": 120,
    "Glucose": 40,
    "NaCl": 0,
    "MgSO4": 20
  },
  "transfer_count": 24,
  "alpha": 1.0,
  "od_results": {
    "control_od": 0.2566,
    "center_od": 0.226,
    "perturbed_ods": {
      "Glucose": [
        0.2372,
        0.2378
      ],
      "NaCl": [
        0.2236,
        0.2297
      ],
      "MgSO4": [
        0.2286,
        0.2292
      ]
    }
  },
  "gradient": {
    "Glucose": 0.0011499999999999982,
    "NaCl": 6.49999999999984e-05,
    "MgSO4": 0.0002899999999999986
  },
  "next_composition": {
    "Novel_Bio": 90,
    "Glucose": 50,
    "NaCl": 10,
    "MgSO4": 30
  }
}