{
  "iteration": 1,
  "timestamp": "2026-02-14T01:39:18.129903",
  "composition": {
    "Novel_Bio": 120,
    "Glucose": 20,
    "NaCl": 20,
    "MgSO4": 20
  },
  "transfer_count": 29,
  "alpha": 1.0,
  "od_results": {
    "control_od": 0.1838,
    "center_od": 0.1475,
    "perturbed_ods": {
      "Glucose": [
        0.1499,
        0.149
      ],
      "NaCl": [
        0.1375,
        0.138
      ],
      "MgSO4": [
        0.1496,
        0.1693
      ]
    }
  },
  "gradient": {
    "Glucose": 0.00019500000000000073,
    "NaCl": -0.0009749999999999981,
    "MgSO4": 0.0011950000000000016
  },
  "next_composition": {
    "Novel_Bio": 110,
    "Glucose": 30,
    "NaCl": 10,
    "MgSO4": 30
  }
}